movie_id,spend_millions,social_media_conversion_rate
1,25,5.0
2,1,0.2
3,1,0.2
4,3,0.6000000000000001
5,5,1.0
6,3,0.6000000000000001
7,1,0.2
8,1,0.2
9,8,1.6
10,2,0.4
